Missing_Rule,MF RMSE,Ridge RMSE,MEAN RMSE,MIWAE RMSE
Q1_complete,0.6084079335238788,0.6058924007957047,0.8197344966447118,0.5686014774773416
