Missing_Rule,MF RMSE,Ridge RMSE,MEAN RMSE,MIWAE RMSE
Q1_complete,0.098099671350321,0.08837870100150383,0.11033486152969726,0.570170872620214
