Missing_Rule,Imputer RMSE,Baseline RMSE
Q1_complete,0.5496314167976379,0.8197344966447118
Q1_partial,0.5511372685432434,0.7020631586459344
Q2_complete,0.10626313835382462,0.16696893547592204
Q2_partial,0.11812739074230194,0.1470509066561203
Q3_complete,0.08011403679847717,0.2731259457099626
Q3_partial,0.0875447615981102,0.23794655566243003
Q4_complete,0.09518835693597794,0.6616365656043552
Q4_partial,0.08751867711544037,0.5636463120288654
