Missing_Rule,MF RMSE,Ridge RMSE,MEAN RMSE,MIWAE RMSE
Q1_complete,0.3839069714745867,0.3947772320359307,0.3565799003178575,0.3948910563892155
