Missing_Rule,MF RMSE,Ridge RMSE,MEAN RMSE,MIWAE RMSE
Q1_complete,0.08721273504029409,0.08721616953267274,0.10940379775658438,0.6146495730465585
